{
  "next-env.d.ts": 1770005642.4384418,
  "next.config.ts": 1770289288.5733619,
  "src/app/projects.ts": 1776156360.6201937,
  "src/app/layout.tsx": 1775895280.2281854,
  "src/app/theme.ts": 1775725805.0015984,
  "src/app/page.tsx": 1776156532.395669,
  "src/app/contact/page.tsx": 1775897870.2099977,
  "src/app/components/Navbar.tsx": 1775898756.2331529,
  "src/app/components/NetworkBackground.tsx": 1775899657.070187,
  "src/app/components/ImageCarousel.tsx": 1775731519.4414387,
  "src/app/works/page.tsx": 1776156195.007154,
  "src/app/work/[slug]/page.tsx": 1775896145.9884145,
  "src/app/events/page.tsx": 1775896783.1762102,
  "src/utils/image.ts": 1770005598.0709927,
  "src/scripts/google-appscript.js": 1775741143.3380527,
  "README.md": 1770005598.047696,
  "public/favicons/favicon-16x16.png": 1775538096.2830229,
  "public/favicons/android-chrome-192x192.png": 1775538096.2753246,
  "public/favicons/apple-touch-icon.png": 1775538096.2820196,
  "public/favicons/android-chrome-512x512.png": 1775538096.2765036,
  "public/favicons/favicon-32x32.png": 1775538096.285326,
  "public/images/VA_Candid.jpg": 1775538096.3475409,
  "public/images/home/about-me/about-banner-img.svg": 1770005598.053304,
  "public/images/home/education-skill/figma-icon.svg": 1770005598.0572193,
  "public/images/home/education-skill/photoshop-icon.svg": 1770005598.0578647,
  "public/images/home/education-skill/edu-skill-vector.svg": 1770005598.057026,
  "public/images/home/education-skill/sketch-icon.svg": 1770005598.0581417,
  "public/images/home/education-skill/framer-icon.svg": 1770005598.057415,
  "public/images/home/education-skill/adobe-icon.svg": 1770005598.0564742,
  "public/images/home/education-skill/invision-icon.svg": 1770005598.0576053,
  "public/images/home/banner/wave-icon.svg": 1770052065.6745672,
  "public/images/home/banner/banner-img.png": 1770006282.87666,
  "public/images/home/banner/VA.png": 1770006605.8148751,
  "public/images/home/banner/resume-bg-img.svg": 1770005598.0536566,
  "public/images/logos/iitm.png": 1775566993.347384,
  "public/images/logos/govai.png": 1775538096.3637438,
  "public/images/logos/80k.png": 1775538096.3488393,
  "public/images/logos/nus.png": 1775538096.383693,
  "public/images/logos/goodfire.webp": 1775538096.3564982,
  "public/images/logos/worldbank.png": 1775842748.0992105,
  "public/images/logos/aisi.png": 1775538096.3496056,
  "public/images/logos/farai.svg": 1775538096.3540556,
  "public/images/logos/ss.png": 1775538096.39089,
  "public/images/logos/apollo.png": 1775538096.3523479,
  "public/images/logos/jpal.png": 1775538096.3826585,
  "public/images/logos/anthropic.png": 1775538096.3518662,
  "public/images/logos/ucb.png": 1775716956.4548965,
  "public/images/work/networkengine.png": 1775822883.1138148,
  "public/images/work/tech1.jpg": 1770048662.9607544,
  "public/images/work/safl1.png": 1770048607.2742472,
  "public/images/work/dh1.png": 1770356655.2166877,
  "public/images/work/ga1.png": 1770356655.2204292,
  "public/images/work/jd1.png": 1776084992.2809343,
  "public/images/work/indiaai.png": 1775731138.3673563,
  "public/images/work/pipeline.png": 1775629257.5469518,
  "public/images/work/techops.png": 1770048704.6950204,
  "public/images/work/layoff.png": 1776085233.382057,
  "public/images/icon/twitter-icon.svg": 1770006700.6466424,
  "public/images/icon/github-icon.svg": 1770006753.7853048,
  "public/images/icon/dribble-icon.svg": 1770005598.0588353,
  "public/images/icon/facebook-icon.svg": 1770005598.0591056,
  "public/images/icon/mail-icon.svg": 1770051477.4183686,
  "public/images/icon/call-icon.svg": 1770051446.0616298,
  "public/images/icon/success-icon.svg": 1770051417.5734894,
  "public/images/icon/linkedin-icon.svg": 1770005598.0596547,
  "public/images/icon/lang-icon.svg": 1770005598.0593727,
  "public/images/icon/web-icon.svg": 1770005598.0607018,
  "public/images/icon/right-arrow-icon.svg": 1770005598.0601575
}